VisitID,CustomerID,CustomerName,StoreLocation,Date,TimeSpent,StaffMember,Purpose,Outcome,ProductsSampled,PurchaseInStore,FollowUpOnlineOrder,SatisfactionRating,VisitNotes
SV-001,C1024,Emily Thompson,Berlin_Mitte,2023-01-20,45,Anna Meier,Browse_Collections,"Positive - Customer tried multiple dresses and appreciated the quality. Made mental notes for online ordering later.","P1001,P1002,P1015",No,Yes,5,"Emily was delighted with the in-store experience. She specifically mentioned loving the fabric quality and the ability to try different sizes. Staff member Anna provided excellent styling advice. Emily mentioned she prefers ordering online for convenience but loves visiting the store to touch and feel products first. Left with shopping bag of catalogs and a 10% discount code."
SV-002,C1024,Emily Thompson,Berlin_Mitte,2023-08-22,35,Anna Meier,Return_Issue,"Resolved - Customer brought dress for return due to sizing issue. Staff processed return smoothly and helped find better size.","P1001",No,Yes,4,"Emily returned a dress that didn't fit quite right after online purchase. Anna remembered her from previous visit and immediately offered to help find the perfect size. They tried on three different sizes and Emily decided to order the correct size online using her loyalty discount. Mentioned that the return process was easy and appreciated the personalized service."
SV-003,C1003,Sarah Weber,Munich_Marienplatz,2024-01-15,90,Patricia Klein,VIP_Styling_Session,"Exceptional - Premium member styling session. Customer purchased multiple high-value items and booked future appointment.","P1002,P1004,P1007,P1008",Yes,Yes,5,"Sarah's quarterly VIP styling session. Patricia prepared a selection of evening gowns and accessories based on Sarah's preferences and upcoming events. Sarah purchased 3 evening gowns in-store (€1,450 total) and ordered 2 additional items online for later delivery. Extremely satisfied with personalized attention. Discussed upcoming spring collection and pre-ordered 2 items. Premium membership perks (private fitting room, champagne service, priority access) were highlighted. Sarah mentioned referring friends to the Premium program."
SV-004,C1003,Sarah Weber,Munich_Marienplatz,2024-07-10,75,Patricia Klein,VIP_Styling_Session,"Exceptional - Another successful styling session with multiple purchases and strong brand loyalty expressed.","P1014,P1015,P1005,P1006",Yes,Yes,5,"Sarah's summer styling session focused on accessories and lightweight knitwear for travel. Purchased leather handbag and designer sunglasses in-store (€780 total). Patricia's knowledge of Sarah's style preferences made the experience highly efficient. Sarah specifically praised the VIP treatment and mentioned this is why she maintains Premium membership. Booked next appointment for fall collection preview."
SV-005,C1004,Thomas Müller,Frankfurt_Zeil,2023-03-28,55,Marcus Weber,Product_Inquiry,"Mixed - Customer had concerns about product quality but staff addressed them. Made purchase with some hesitation.","P1003,P1009,P1010",Yes,No,3,"Thomas came in to examine leather boots quality before purchasing. He was concerned about stitching after reading online reviews. Marcus showed him the construction details and explained the warranty. Thomas purchased the boots (€340) but expressed that he expected better quality for the price. Staff provided care instructions and reassured him about return policy. Left somewhat satisfied but mentioned he would monitor quality closely."
SV-006,C1004,Thomas Müller,Frankfurt_Zeil,2024-07-15,40,Marcus Weber,Complaint_Resolution,"Negative - Customer returned defective dress and expressed frustration. Refund processed but relationship strained.","P1004",No,No,2,"Thomas returned office dress purchased online that had defects (loose button, uneven hem). He was visibly frustrated and mentioned this was his second quality issue with Contoso. Marcus processed the refund immediately and offered 15% discount on next purchase, but Thomas was non-committal. Mentioned considering other retailers. Staff noted customer seemed at risk of churning despite resolution efforts."
SV-007,C1007,Lisa Becker,Hamburg_Mönckebergstraße,2024-04-20,30,Sophie Fischer,Quick_Shopping,"Positive - Customer knew exactly what she wanted, quick transaction, happy with products.","P1001,P1012",Yes,No,5,"Lisa came in specifically for summer dress and yoga pants after seeing them online. She tried both items, loved the quality, and purchased immediately (€195 total). Mentioned she usually shops online but wanted to ensure the fit before an upcoming vacation. Very satisfied with quick, efficient service. Sophie mentioned loyalty program benefits and Lisa signed up on the spot."
SV-008,C1009,Julia Schulz,Munich_Marienplatz,2024-02-18,120,Patricia Klein,VIP_Styling_Session,"Exceptional - Ultra high-value styling session. Premium member very satisfied with personalized service and exclusive products.","P1002,P1004,P1007,P1014,P1015",Yes,Yes,5,"Julia's first VIP styling session as a new Premium member. Patricia provided comprehensive style consultation for upcoming gala events. Julia was impressed by the level of personalization and exclusive access to limited-edition pieces. Purchased 2 evening gowns in-store (€1,680 total) and requested Patricia's assistance for future online orders. Mentioned she plans to share her experience on social media (TikTok and Instagram). Patricia scheduled follow-up consultation and provided private shopping hotline number. Julia specifically mentioned this level of service justifies Premium membership cost."
SV-009,C1009,Julia Schulz,Munich_Marienplatz,2024-06-25,95,Patricia Klein,VIP_Styling_Session,"Exceptional - Continued excellence in service. Strong brand advocacy and social media promotion discussed.","P1005,P1006,P1008",Yes,Yes,5,"Julia's summer styling session focused on luxury knitwear and accessories. She brought her photographer to document the experience for social media content (with store permission). Purchased 2 cashmere sweaters and designer sunglasses (€890 total). Julia mentioned her TikTok video about Contoso received over 2,800 engagements. Patricia offered to coordinate future content collaborations. Julia expressed interest in becoming brand ambassador. This customer represents significant marketing value beyond direct purchases."
SV-010,C1010,Markus Koch,Cologne_Schildergasse,2024-05-22,40,Lars Schneider,Product_Testing,"Positive - Customer tested running shoes thoroughly. Made informed purchase decision with staff guidance.","P1010,P1013",Yes,No,4,"Markus came in to test running sneakers before purchasing. Lars allowed him to walk around store extensively and provided expertise on arch support and fit. Markus appreciated the no-pressure approach and detailed product knowledge. Purchased running sneakers (€165) and mentioned he'll return for future sportswear needs. Suggested store could benefit from having a small track or treadmill for shoe testing."
SV-011,C1012,Alexander Klein,Stuttgart_Königstraße,2024-06-28,50,Emma Wagner,Gift_Shopping,"Positive - Customer shopping for gift, received excellent assistance. Made purchase with gift wrapping service.","P1014,P1015",Yes,No,4,"Alexander shopping for anniversary gift for his wife. Emma helped him select leather handbag based on his description of wife's style. He appreciated the gift consultation service and opted for premium gift wrapping (€15 extra). Purchased handbag (€285 total). Emma provided gift receipt and explained easy exchange process. Alexander mentioned he was impressed by the personalized service and will consider Contoso for future gifts. Only feedback was that price was higher than expected but quality justified it."
SV-012,C1013,Maria Wolf,Düsseldorf_Königsallee,2024-06-05,35,Claudia Becker,Professional_Attire,"Positive - Customer shopping for work wardrobe. Found what she needed with efficient service.","P1004,P1002",Yes,No,4,"Maria shopping for professional attire for new job. Claudia helped her select office dresses that fit her style and budget. Maria tried on 4 dresses and purchased 1 in-store (€185). She mentioned she'll order more online now that she knows the fit and quality. Appreciated the professional yet friendly service. Provided business card and mentioned company potentially interested in corporate partnership for employee discounts."
SV-013,C1014,Christian Neumann,Berlin_Kurfürstendamm,2023-04-18,60,Heinrich Schröder,Premium_Shopping,"Exceptional - High-value Premium member transaction with exclusive service experience.","P1008,P1006,P1014",Yes,Yes,5,"Christian's in-store Premium member experience. Heinrich provided dedicated service in private shopping area with refreshments. Christian was shopping for winter essentials and appreciated curated selection prepared based on his online purchase history. Purchased winter coat in-store (€520) and discussed upcoming men's luxury collection. Christian specifically mentioned the Premium in-store experience matches the online benefits and justifies membership fee. He requested similar level of service be available at other locations."
SV-014,C1015,Laura Schwarz,Berlin_Mitte,2024-08-28,25,Anna Meier,Quick_Purchase,"Positive - Fast, efficient purchase. Customer satisfied with product and service.","P1012",Yes,No,4,"Laura came in during lunch break to purchase yoga pants she had been eyeing online. Anna quickly located her size and processed purchase efficiently (€68). Laura mentioned she appreciates having physical store nearby for quick shopping when working from city center. She mentioned the convenience of buy-online-pickup-in-store option and requested Contoso implement this service."
SV-015,C1021,Sabine Zimmermann,Hamburg_Mönckebergstraße,2024-02-28,55,Sophie Fischer,Complaint_Visit,"Negative - Customer came in to complain about delivery issues. Store staff limited in ability to resolve online fulfillment problems.","P1001,P1002",No,No,2,"Sabine visited store frustrated about online order delivery delays and poor customer service response. Sophie listened empathetically and attempted to contact fulfillment center but had limited authority to resolve. Offered 20% discount on in-store purchase but Sabine declined, stating she's lost confidence in Contoso. Sophie escalated issue to store manager who promised direct follow-up, but Sabine left dissatisfied. She mentioned considering closing account. This visit highlighted disconnect between in-store experience and online operations."
SV-016,C1026,Gisela Hoffmann,Frankfurt_Zeil,2024-08-18,45,Marcus Weber,Return_Complaint,"Very Negative - Customer extremely dissatisfied with online customer service treatment. In-store staff attempted damage control.","P1002",No,No,1,"Gisela came to store to return dress and express complaint about rude online customer service representative. She was visibly upset and mentioned she's been a loyal Silver tier member. Marcus processed return immediately, apologized profusely for the poor service experience, and offered 25% discount code plus direct escalation to customer experience manager. Gisela appreciated Marcus's efforts but stated the damage is done and she'll shop elsewhere. This represents failure in online service recovery and highlights importance of consistent service quality across all channels."
SV-017,C1030,Ingrid Schneider,Munich_Marienplatz,2024-09-15,50,Patricia Klein,Loyalty_Inquiry,"Negative - Gold tier customer dissatisfied with loyalty program value. Staff unable to adequately address concerns.","P1005,P1008",No,No,3,"Ingrid, a Gold tier member, visited to discuss loyalty program concerns. She expressed frustration that benefits don't match her spending level compared to competitor programs. Patricia explained current benefits but acknowledged feedback. Ingrid mentioned points expiring too quickly and limited redemption options. Patricia offered to escalate feedback to corporate but Ingrid seemed unconvinced this would result in changes. She tried on some products but didn't purchase, stating she wants to see program improvements first. This visit indicates loyalty program may not be competitive enough to retain high-value customers."
SV-018,C1034,Hildegard Braun,Stuttgart_Königstraße,2024-04-25,70,Emma Wagner,Sizing_Consultation,"Mixed - Customer struggling with inconsistent sizing. Staff provided guidance but customer remains frustrated.","P1001,P1004,P1002,P1007",Yes,No,3,"Hildegard came to store frustrated with sizing inconsistencies across different product lines. Emma spent significant time measuring her and explaining size variations between brands and styles. Hildegard tried on 6 items across 3 different sizes. She purchased 1 dress (€145) but expressed ongoing concern about ordering online due to sizing unpredictability. Emma provided detailed size chart and offered to note preferred sizes in customer profile, but Hildegard mentioned this is a systemic issue that needs addressing. She left somewhat satisfied with immediate purchase but uncertain about future orders."
SV-019,C1008,Daniel Hoffmann,Hamburg_Mönckebergstraße,2024-11-02,40,Sophie Fischer,Gift_Purchase,"Positive - Customer shopping for wife, received helpful service and made purchase.","P1014",Yes,No,4,"Daniel shopping for gift for his wife. Sophie helped him select leather handbag based on his description of wife's preferences and showed him product quality details. He appreciated the patient service and gift wrapping option. Purchased handbag (€285) with premium gift wrapping. Mentioned he's not usually a fashion shopper but Sophie made the experience easy and pressure-free. He requested receipt be emailed (not in gift bag) and Sophie ensured smooth transaction."
SV-020,C1011,Sophie Richter,Cologne_Schildergasse,2024-10-05,20,Lars Schneider,Budget_Shopping,"Neutral - Customer price-sensitive, made minimal purchase. Store may not meet her budget needs.","P1011",Yes,No,3,"Sophie came to store looking for affordable basics. Lars showed her the essentials collection but she found prices higher than expected even for basic items. She purchased t-shirt pack (€48) but mentioned she usually shops at more budget-friendly retailers. Lars explained quality differences but Sophie seemed unconvinced about value proposition. She mentioned Contoso may be outside her regular budget and she came due to promotion. This visit highlights potential gap in budget-conscious customer segment."