BenefitID,CustomerID,CustomerName,LoyaltyTier,BenefitMonth,EarlyAccessUsed,EarlyAccessValue,PointsEarned,PointsRedeemed,PointsExpired,FreeShippingOrders,ExclusiveDealsRedeemed,BirthdayDiscountUsed,StylingSessionsBooked,TotalBenefitValue,EngagementScore,BenefitUtilizationNotes
BU-001,C1024,Emily Thompson,Gold,2023-01,Yes,45.00,125,0,0,3,1,No,0,95.50,High,"Emily actively uses early access benefits and free shipping. She earned points from 3 purchases but hasn't redeemed yet - points accumulating nicely. Redeemed one exclusive deal on sportswear. High engagement with tier benefits."
BU-002,C1024,Emily Thompson,Gold,2023-02,Yes,60.00,98,0,0,2,2,No,0,110.20,High,"Continued strong benefit utilization. Used early access for Valentine's collection and saved on two exclusive deals. Free shipping on 2 orders. Points balance growing steadily. Customer shows understanding of benefit value."
BU-003,C1024,Emily Thompson,Gold,2023-03,No,0.00,156,50,0,2,0,Yes,0,85.30,High,"Redeemed 50 points for €10 discount on spring order. Used birthday discount (€15 off). While didn't use early access this month, overall engagement remains high. Free shipping on 2 orders saved €14."
BU-004,C1024,Emily Thompson,Gold,2023-09,Yes,52.00,142,0,0,2,1,No,0,97.50,High,"Back to active early access usage for fall collection. One exclusive deal on yoga pants. Free shipping on 2 orders. Points continuing to accumulate from consistent purchases."
BU-005,C1024,Emily Thompson,Gold,2024-11,Yes,75.00,186,100,0,1,2,No,0,132.80,Very_High,"Excellent month - used early access for winter collection, redeemed 100 points (€20 value), and took advantage of 2 exclusive deals. Single order but high-value purchase. Emily demonstrates sophisticated understanding of maximizing tier benefits."
BU-006,C1003,Sarah Weber,Premium,2024-02,Yes,120.00,245,0,0,3,3,No,1,425.60,Very_High,"Premium tier benefits in full effect. Early access to luxury collection, 3 exclusive Premium-only deals redeemed, free express shipping on all 3 orders, and first VIP styling session booked with Patricia. Extremely high benefit value and engagement."
BU-007,C1003,Sarah Weber,Premium,2024-08,Yes,185.00,312,0,0,2,4,No,1,598.90,Very_High,"Outstanding month. Early access to fall designer collection, 4 premium exclusive deals, free express shipping, and VIP styling session. Sarah's Premium membership is delivering exceptional value - benefit value nearly equals membership fee. This is ideal Premium customer engagement."
BU-008,C1003,Sarah Weber,Premium,2024-10,Yes,95.00,178,0,0,1,2,No,1,387.50,Very_High,"Continued high-value engagement. Early access, 2 premium deals, express shipping, and styling session. Sarah consistently utilizes Premium benefits and demonstrates clear understanding of membership ROI. Strong brand loyalty evident."
BU-009,C1002,Michael Schmidt,Silver,2024-05,No,0.00,89,0,0,1,0,No,0,7.50,Low,"Minimal benefit utilization. Only used free shipping once. Didn't engage with early access or exclusive deals. Points earned but not redeemed. Low engagement suggests customer may not understand or value Silver tier benefits."
BU-010,C1004,Thomas Müller,Silver,2023-04,Yes,38.00,134,0,0,1,1,No,0,63.80,Medium,"Moderate engagement. Used early access and one exclusive deal. Single order with free shipping. Points accumulating but not redeemed. Decent benefit utilization but room for improvement."
BU-011,C1004,Thomas Müller,Silver,2024-07,No,0.00,145,0,25,1,0,No,0,27.50,Low,"Concerning month - 25 points expired unused. Customer may not be tracking point expiration. No early access or exclusive deal usage. Only benefit was free shipping. Engagement dropping - this customer may be at risk."
BU-012,C1005,Anna Fischer,Silver,2024-05,No,0.00,76,0,0,1,0,No,0,7.50,Low,"Very low engagement. Only benefit used was free shipping on single order. No early access, no deals, points sitting unused. Customer may not see value in Silver tier or isn't aware of benefits."
BU-013,C1006,David Wagner,Bronze,2024-06,No,0.00,42,0,0,0,0,No,0,0.00,Very_Low,"No benefit utilization at all. Bronze tier has limited benefits but customer didn't even use free shipping eligibility. Very low engagement suggests customer either doesn't know about benefits or doesn't value them."
BU-014,C1006,David Wagner,Bronze,2024-10,No,0.00,48,0,15,0,0,No,0,-15.00,Very_Low,"Negative value month - 15 points expired without redemption. No benefit usage. Customer seems disengaged from loyalty program. This aligns with previous quality complaints - may be preparing to churn."
BU-015,C1007,Lisa Becker,Silver,2024-05,Yes,28.00,112,0,0,1,1,No,0,58.30,Medium,"Good engagement for newer Silver member. Used early access and exclusive deal. Free shipping on order. Points accumulating. Showing positive learning curve on benefit utilization."
BU-016,C1007,Lisa Becker,Silver,2024-11,Yes,42.00,134,75,0,2,1,No,0,89.70,High,"Excellent progression - first point redemption (75 points for €15). Used early access, exclusive deal, and free shipping on 2 orders. Customer clearly understanding and valuing tier benefits increasingly."
BU-017,C1008,Daniel Hoffmann,Silver,2023-04,No,0.00,98,0,0,1,0,No,0,7.50,Low,"Minimal engagement. Only free shipping used. No early access or deals. Points accumulating but unused. Customer may need education on available benefits."
BU-018,C1008,Daniel Hoffmann,Silver,2024-11,Yes,58.00,167,0,0,1,2,No,0,95.40,High,"Significant improvement in engagement! Used early access to winter collection and redeemed 2 exclusive deals. Free shipping on order. Much better benefit utilization - customer seems to have learned program value."
BU-019,C1009,Julia Schulz,Premium,2024-02,Yes,168.00,423,0,0,2,4,Yes,1,687.90,Very_High,"Exceptional Premium engagement. Early access, 4 premium deals, birthday discount (€25 Premium tier), free express shipping on 2 orders, and VIP styling session. Benefit value significantly exceeds membership cost. Julia is ideal Premium member - high spending, high engagement, strong brand advocacy."
BU-020,C1009,Julia Schulz,Premium,2024-07,Yes,145.00,378,0,0,2,3,No,1,612.50,Very_High,"Continued excellence. Early access, 3 premium deals, express shipping, styling session. Julia consistently maximizes Premium benefits and generates significant value. Her social media advocacy adds additional marketing value beyond direct benefit utilization."
BU-021,C1010,Markus Koch,Bronze,2024-06,No,0.00,56,0,0,0,0,No,0,0.00,Very_Low,"Zero benefit utilization. Bronze tier member showing no engagement with loyalty program at all. Customer may not be aware of even basic benefits available."
BU-022,C1010,Markus Koch,Bronze,2024-09,No,0.00,64,0,0,1,0,No,0,7.50,Very_Low,"Slight improvement - used free shipping once. Still no other benefit engagement. Points accumulating but unused. Very minimal program interaction."
BU-023,C1011,Sophie Richter,Bronze,2024-10,No,0.00,29,0,0,0,0,No,0,0.00,Very_Low,"No benefit utilization. Small point earning indicates low spending. Customer may be too price-sensitive for current loyalty program structure. Bronze benefits may not be compelling enough for budget shoppers."
BU-024,C1012,Alexander Klein,Bronze,2024-07,No,0.00,87,0,0,1,0,No,0,7.50,Low,"Minimal engagement. Only free shipping used. No other benefit utilization despite decent point earning from purchase. Customer may need benefit education."
BU-025,C1012,Alexander Klein,Bronze,2024-09,No,0.00,95,0,0,1,0,No,0,7.50,Low,"Same pattern - only free shipping used. Points accumulating but no redemption or exclusive deal usage. Consistent but low engagement level."
BU-026,C1013,Maria Wolf,Bronze,2024-06,No,0.00,73,0,0,0,0,No,0,0.00,Very_Low,"Zero benefit utilization. No free shipping, no point redemption, no deals. Very low program engagement despite purchase activity."
BU-027,C1013,Maria Wolf,Bronze,2024-08,No,0.00,81,0,0,1,0,No,0,7.50,Very_Low,"Minimal improvement - free shipping used once. Otherwise no engagement. Customer appears unaware of or uninterested in loyalty benefits."
BU-028,C1014,Christian Neumann,Premium,2023-05,Yes,156.00,389,0,0,2,3,No,1,643.70,Very_High,"Excellent Premium engagement. Early access to luxury outerwear collection, 3 premium exclusive deals, express shipping on 2 orders, VIP styling session. Christian demonstrates strong understanding of Premium value proposition and consistently utilizes benefits."
BU-029,C1014,Christian Neumann,Premium,2024-10,Yes,98.00,287,150,0,1,2,No,0,385.60,Very_High,"Continued high engagement. First significant point redemption (150 points for €30). Early access, 2 premium deals, express shipping. Christian is consistently engaged Premium member who values and utilizes membership comprehensively."
BU-030,C1015,Laura Schwarz,Bronze,2024-07,No,0.00,52,0,0,1,0,No,0,7.50,Low,"Low engagement - only free shipping used. No other benefit utilization. Points earning but not redeemed."
BU-031,C1015,Laura Schwarz,Bronze,2024-09,No,0.00,68,0,0,1,0,No,0,7.50,Low,"Same pattern continuing. Minimal engagement. Customer may benefit from tier upgrade promotion or benefit education to increase engagement."
BU-032,C1030,Ingrid Schneider,Gold,2024-09,No,0.00,0,0,75,0,0,No,0,-75.00,Very_Low,"Critical issue - 75 points expired unused! Zero benefit utilization this month despite Gold tier status. This indicates significant disconnect between tier level and actual engagement. Customer complained about point expiration and limited redemption options - this data confirms the concern. High churn risk."
BU-033,C1034,Hildegard Braun,Gold,2024-05,Yes,68.00,156,0,0,2,1,No,0,103.80,Medium,"Moderate Gold tier engagement. Used early access and exclusive deal. Free shipping on 2 orders. Decent benefit utilization but below typical Gold tier levels. Customer's sizing frustration may be impacting overall program engagement."
BU-034,C1034,Hildegard Braun,Gold,2024-06,No,0.00,0,0,50,1,0,No,0,-42.50,Low,"Negative value month - 50 points expired. Only free shipping used. Significant drop in engagement correlating with sizing issues and return frustrations. Customer satisfaction declining as evidenced by reduced benefit utilization."